{
  "scenario": "lb-failover",
  "timestamp": "2026-02-26T15:15:23.360Z",
  "config": {
    "stages": [
      {"duration":"12s","target":50},
      {"duration":"20s","target":50},
      {"duration":"12s","target":50}
    ]
  },
  "distribution": {
    "app-1": 80435,
    "app-2": 80436,
    "app-3": 80430,
    "failed": 1
  },
  "note": "app-3 paused at ~12s, unpaused at ~32s",
  "metrics": {
    "requests_total": 241302,
    "requests_per_second": 5483.319402009345,
    "error_rate": 0.000004144184465938948,
    "latency_avg_ms": 7.8475046462234745,
    "latency_p95_ms": 5.695620849999999,
    "latency_p99_ms": 6.897166159999999
  }
}