{
  "scenario": "api-gateway-routing",
  "timestamp": "2026-02-26T15:07:10.749Z",
  "config": {
    "vus": 50,
    "iterations": 50
  },
  "metrics": {
    "requests_total": 120530,
    "error_rate": 0.2,
    "latency_avg_ms": 4.114829030282913,
    "latency_p95_ms": 5.305,
    "latency_p99_ms": 6.4168926399999995
  }
}