{
  "scenario": "static-api-api",
  "timestamp": "2026-02-26T15:34:39.601Z",
  "config": {
    "vus": 50,
    "duration": "10s"
  },
  "metrics": {
    "requests_total": 19186,
    "requests_per_second": 1908.3106978634532,
    "error_rate": 0.39070155321588657,
    "latency_avg_ms": 26.10195321896166,
    "latency_p95_ms": 48.87296875,
    "latency_p99_ms": 53.3763831,
    "latency_max_ms": 176.302083
  }
}